snapped_at,price,market_cap,total_volume
2023-05-08 00:00:00 UTC,17.682803657826454,0.0,104731379.15404001
2023-05-09 00:00:00 UTC,17.682803657826454,0.0,104731379.15404001
2023-05-10 00:00:00 UTC,19.442487699622916,0.0,58817188.93667992
2023-05-11 00:00:00 UTC,17.911897844195693,0.0,35290140.44474968
2023-05-12 00:00:00 UTC,12.525639315324526,266021393.2163993,67339556.28880513
2023-05-13 00:00:00 UTC,12.46766769719645,264064048.39741898,90240444.86852278
2023-05-14 00:00:00 UTC,11.010871865481963,234594671.96596852,53701650.3350009
2023-05-15 00:00:00 UTC,14.8223137885589,309282793.97380346,49710007.345382415
2023-05-16 00:00:00 UTC,16.46845793845861,348199777.7872904,55285905.84428998
2023-05-17 00:00:00 UTC,16.308168568997946,342677685.56547076,41637025.76264774
2023-05-18 00:00:00 UTC,14.89831972039333,310874628.8820675,46478151.53502532
2023-05-19 00:00:00 UTC,13.847419059693099,292237376.1780001,25059208.2734689
2023-05-20 00:00:00 UTC,12.300151495901924,258364367.88309357,32567528.541064538
2023-05-21 00:00:00 UTC,12.580024652059842,265787781.3665237,94780667.87652333
2023-05-22 00:00:00 UTC,10.709815439817783,225747246.17978758,48250590.1850842
2023-05-23 00:00:00 UTC,9.860655575980743,206761055.79106462,61096175.80028159
2023-05-24 00:00:00 UTC,9.505008931349797,199493901.12380224,38582357.679656394
2023-05-25 00:00:00 UTC,7.56610581073248,160151790.8814209,63641086.535853975
2023-05-26 00:00:00 UTC,7.966472041177711,167355076.58064258,56044259.96569425
2023-05-27 00:00:00 UTC,7.9675321964781896,167707215.77807188,34183804.38728464
2023-05-28 00:00:00 UTC,7.9045426864839845,165857232.2674322,27794409.000878926
2023-05-29 00:00:00 UTC,10.050739556896238,211500893.22169963,52425892.42075629
2023-05-30 00:00:00 UTC,9.365135290492045,197056534.93782145,36063670.03478485
2023-05-31 00:00:00 UTC,9.462425345531594,199094804.1440148,29297345.14434824
2023-06-01 00:00:00 UTC,8.438459792045018,177144696.43299067,50794219.20786136
2023-06-02 00:00:00 UTC,8.653588022109345,181547276.98548254,38958754.99178776
2023-06-03 00:00:00 UTC,8.524617421294598,180026610.26100755,25122837.000946116
2023-06-04 00:00:00 UTC,8.869510659501408,186568714.0252942,22011832.78535188
2023-06-05 00:00:00 UTC,9.014667994969207,188844562.65196392,20479609.452638455
2023-06-06 00:00:00 UTC,7.621728592103728,160254349.0588737,38580552.78513791
2023-06-07 00:00:00 UTC,8.163513472878094,172305279.92933068,30678072.772776216
2023-06-08 00:00:00 UTC,7.4671857765237215,157044686.07420468,20794079.70865391
2023-06-09 00:00:00 UTC,7.221575878908878,151718882.3845664,14386270.063296154
2023-06-10 00:00:00 UTC,7.036242482673546,147485011.73745725,18869120.28504862
2023-06-11 00:00:00 UTC,5.407771220546384,113471410.69846171,47467174.65486801
2023-06-12 00:00:00 UTC,5.128276562156123,107358281.6133175,11590912.070866968
2023-06-13 00:00:00 UTC,5.131694666759826,107556460.9311682,20864495.47378709
2023-06-14 00:00:00 UTC,5.313485733999033,111237845.7710218,18239424.407558195
2023-06-15 00:00:00 UTC,5.954964345127561,126069444.439549,30766670.69174461
2023-06-16 00:00:00 UTC,5.860690834386306,122157184.45011713,26105899.73844274
2023-06-17 00:00:00 UTC,6.4326019685199265,135770654.77558407,25158258.484210614
2023-06-18 00:00:00 UTC,6.158599879274302,129256743.27933624,14064418.247507717
2023-06-19 00:00:00 UTC,5.928604742298144,124225593.6767761,10295929.281667447
2023-06-20 00:00:00 UTC,6.010371113106388,126138927.27200085,12025203.160699701
2023-06-21 00:00:00 UTC,6.286892324053783,132110366.897803,15097976.821265059
2023-06-22 00:00:00 UTC,7.809417527557066,164816132.76864776,39636376.3139281
2023-06-23 00:00:00 UTC,7.383583842457375,155281562.35214165,29937633.960701406
2023-06-24 00:00:00 UTC,7.7921365901260575,163021213.85868335,24025903.508177914
2023-06-25 00:00:00 UTC,7.816781061877908,163162755.94551525,30109365.733852327
2023-06-26 00:00:00 UTC,8.098429234383985,170126345.89525986,20150917.745185718
2023-06-27 00:00:00 UTC,7.318569590726069,152856391.83904308,21630981.369372208
2023-06-28 00:00:00 UTC,7.361500356426635,153979489.86435217,15503834.754512193
2023-06-29 00:00:00 UTC,6.369799159057558,134047352.3371277,18711664.75581226
2023-06-30 00:00:00 UTC,6.657516858464522,139824001.0723479,11942588.5408523
2023-07-01 00:00:00 UTC,6.663109436274804,139935745.38658568,26734022.971289366
2023-07-02 00:00:00 UTC,6.491902078593571,136028530.06894997,14445661.67996975
2023-07-03 00:00:00 UTC,7.131889374185522,149639230.23693275,21158552.232080366
2023-07-04 00:00:00 UTC,7.160628694211991,150278605.02632958,15752672.852845037
2023-07-05 00:00:00 UTC,6.9075209815233505,145333798.38204625,15831145.42619873
2023-07-06 00:00:00 UTC,6.6529360963483,140055923.94013947,12748943.593395289
2023-07-07 00:00:00 UTC,6.150679874337102,129250119.2923337,16674867.319732359
2023-07-08 00:00:00 UTC,7.403982907432741,155402207.8544697,27707692.53291173
2023-07-09 00:00:00 UTC,6.787769081505196,142513247.68656188,17021527.02922035
2023-07-10 00:00:00 UTC,6.909317673308206,144745636.21293518,10302982.986166365
2023-07-11 00:00:00 UTC,6.945686150077343,145747600.63783672,12510179.865474913
2023-07-12 00:00:00 UTC,7.906366241363684,166025633.97580203,23485033.713045917
2023-07-13 00:00:00 UTC,7.3736743133962,154502838.19516435,17685387.914026175
2023-07-14 00:00:00 UTC,7.595122248979252,158465446.96173096,20877402.049532104
2023-07-15 00:00:00 UTC,7.147090094064597,150087710.54921082,36464972.76854072
2023-07-16 00:00:00 UTC,7.391706618387506,155274894.05732208,32818236.482250616
2023-07-17 00:00:00 UTC,7.537870171534849,158427563.78146344,27894047.09523974
2023-07-18 00:00:00 UTC,7.47872697519614,157117148.13402513,33133249.411445003
2023-07-19 00:00:00 UTC,7.25360983182705,151919313.2478073,28138624.69366457
2023-07-20 00:00:00 UTC,7.3693014924123545,154937828.64098352,21800962.33966288
2023-07-21 00:00:00 UTC,7.147235014490213,150513492.1653637,20029252.457360245
2023-07-22 00:00:00 UTC,6.7308482269585825,141249357.80892038,21771032.321325444
2023-07-23 00:00:00 UTC,6.736094797955787,141337280.1897407,15429798.384881606
2023-07-24 00:00:00 UTC,6.746891196857042,141874708.80996394,14061195.811742757
2023-07-25 00:00:00 UTC,6.417632021150514,134544280.5068171,28079650.58330583
2023-07-26 00:00:00 UTC,6.22702516389437,130537921.34784737,16114058.279911868
2023-07-27 00:00:00 UTC,6.345359447017564,133268313.96071327,14772942.928962965
2023-07-28 00:00:00 UTC,6.44256064657262,135451747.75903898,17189021.465381403
2023-07-29 00:00:00 UTC,6.467702112300221,136096340.8896057,14044951.503324222
2023-07-30 00:00:00 UTC,6.475944107535794,135916590.92316666,12125916.745875005
2023-07-31 00:00:00 UTC,6.438406366135264,135367438.46915308,12879957.810046328
2023-08-01 00:00:00 UTC,6.310025720308207,132528894.33824614,14170724.001095803
2023-08-02 00:00:00 UTC,6.310203369399416,132615667.55429547,15525975.444014737
2023-08-03 00:00:00 UTC,6.224231734866534,130825163.77752887,14747280.060928639
2023-08-04 00:00:00 UTC,5.945830975604553,125165642.72255537,15228921.588788219
2023-08-05 00:00:00 UTC,6.009551469103466,126242570.64501436,13353819.093345838
2023-08-06 00:00:00 UTC,5.624952943505565,118006460.89033034,17458955.41035442
2023-08-07 00:00:00 UTC,5.550102784021396,116566969.62599121,14942063.382534534
2023-08-08 00:00:00 UTC,5.483387472845244,115024195.71504214,15414831.663817102
2023-08-09 00:00:00 UTC,5.5853582490052585,117576482.20192946,14423902.10794203
2023-08-10 00:00:00 UTC,5.641966880114225,118567441.94749862,17524984.989485957
2023-08-11 00:00:00 UTC,5.626616967187739,118071583.80448817,12515422.660327332
2023-08-12 00:00:00 UTC,5.486743662877828,115157733.38743588,12552618.452903591
2023-08-13 00:00:00 UTC,5.402749671561161,113510913.67620403,12801004.913994089
2023-08-14 00:00:00 UTC,5.422418054007434,113659287.10300037,12399146.502907392
2023-08-15 00:00:00 UTC,5.660995827158557,118919556.88952808,16388119.91701402
2023-08-16 00:00:00 UTC,5.39683624594621,113454992.57163836,15298903.303667167
2023-08-17 00:00:00 UTC,4.924348971627328,103294246.85614946,18709910.838407494
2023-08-18 00:00:00 UTC,3.866369500127922,81110697.63241129,20458997.305621322
2023-08-19 00:00:00 UTC,3.9352038658966326,82470058.7246959,23458656.172456764
2023-08-20 00:00:00 UTC,3.987645612046554,83261809.57551228,16681138.3157694
2023-08-21 00:00:00 UTC,4.0673097379870455,85476332.4672541,16796835.81893464
2023-08-22 00:00:00 UTC,3.860865340689792,81185941.49606785,17383085.229731057
2023-08-23 00:00:00 UTC,3.7832379770375923,79290979.56708364,16010653.925755857
2023-08-24 00:00:00 UTC,3.808511558907479,80062225.20688666,17196900.29570443
2023-08-25 00:00:00 UTC,3.7354870372418443,78380151.46752699,15946114.86648061
2023-08-26 00:00:00 UTC,3.7186364484508134,77965075.78842017,14270910.564146984
2023-08-27 00:00:00 UTC,3.655520660262557,76788995.92470495,11713136.968287159
2023-08-28 00:00:00 UTC,3.6616234065234106,76749903.20804888,12002501.692493781
2023-08-29 00:00:00 UTC,3.694003917187504,77596027.60485083,9951282.854847476
2023-08-30 00:00:00 UTC,3.7295293474188904,78401918.62688203,13723875.898107186
2023-08-31 00:00:00 UTC,3.8687536628784986,81219415.19210142,20178508.896622825
2023-09-01 00:00:00 UTC,3.7609232024630463,78932369.76562738,34416178.12273748
2023-09-02 00:00:00 UTC,3.4757858138482476,73086348.26739809,20182196.36019668
2023-09-03 00:00:00 UTC,3.410098535190944,71678580.07685542,17421119.252062634
2023-09-04 00:00:00 UTC,3.4318573679687665,72240550.13779187,15804854.275214374
2023-09-05 00:00:00 UTC,3.230147002045312,67751819.5653451,13191297.75281027
2023-09-06 00:00:00 UTC,3.3765047667903696,70804955.57358575,13447007.826868514
2023-09-07 00:00:00 UTC,3.308982210493147,69487714.17146902,10682433.905630551
2023-09-08 00:00:00 UTC,3.5089552650369273,73703800.57994439,14905949.670543222
2023-09-09 00:00:00 UTC,3.366788571691172,70670433.26768759,13103338.741936674
2023-09-10 00:00:00 UTC,3.363222452629751,70659391.05963133,6552835.505391284
2023-09-11 00:00:00 UTC,3.0876792610361794,64973416.00443162,10838008.007866802
2023-09-12 00:00:00 UTC,2.954549942618417,62035591.09009641,13400151.04014921
2023-09-13 00:00:00 UTC,3.099449270195194,65086883.171116084,17505566.218872044
2023-09-14 00:00:00 UTC,3.1165412202065927,65363204.186339766,13454829.085538806
2023-09-15 00:00:00 UTC,3.172539074787924,66884375.12248657,12154103.736917488
2023-09-16 00:00:00 UTC,3.259765825950609,68570658.74106611,11837246.128828494
2023-09-17 00:00:00 UTC,3.4237743695206873,72003131.7217648,11898022.958894785
2023-09-18 00:00:00 UTC,3.675995807633179,77057305.83062072,9357261.704842312
2023-09-19 00:00:00 UTC,3.9975619789071106,83874469.10129681,30255305.69752396
2023-09-20 00:00:00 UTC,3.832133632873431,80422132.88554484,23877043.488052767
2023-09-21 00:00:00 UTC,3.847173226259815,81060516.82357182,20974899.71707442
2023-09-22 00:00:00 UTC,3.606333501423687,75866109.95933521,21200700.972039707
2023-09-23 00:00:00 UTC,3.7394830927525073,78587849.70899321,5145501.926553236
2023-09-24 00:00:00 UTC,3.532836779981504,74183696.4595767,3499580.0078666243
2023-09-25 00:00:00 UTC,3.5622152590096055,74792681.56086202,4594908.2846152
2023-09-26 00:00:00 UTC,3.659782374438918,76682158.47771083,16295168.698957447
2023-09-27 00:00:00 UTC,3.3677868872124237,70766185.05538628,16079001.844058437
2023-09-28 00:00:00 UTC,3.3533449345195088,70242850.16857444,18501986.931420255
2023-09-29 00:00:00 UTC,3.619733192461908,76003531.31025654,24516666.9399327
2023-09-30 00:00:00 UTC,3.6034504554885376,75863229.13988067,23136204.745805018
2023-10-01 00:00:00 UTC,3.6440795698663977,76504192.44754604,17648019.501362767
2023-10-02 00:00:00 UTC,3.735587303458158,78849490.47291927,16382410.481311876
2023-10-03 00:00:00 UTC,3.613145084060017,76076293.83002742,12533371.338584857
2023-10-04 00:00:00 UTC,3.4437199190790624,72232579.68392445,4634173.1728997
2023-10-05 00:00:00 UTC,3.412864198621139,71811493.63597113,3876118.7901812317
2023-10-06 00:00:00 UTC,3.3455148548357125,70356470.4037574,3621905.015795786
2023-10-07 00:00:00 UTC,3.4508623053025773,72458718.10773154,3435862.512646138
2023-10-08 00:00:00 UTC,3.470460621378684,72874811.41538787,7601051.306736432
2023-10-09 00:00:00 UTC,3.435039179745622,72117582.92380837,6372959.298714199
2023-10-10 00:00:00 UTC,3.4292849260338243,72007534.63998125,9934633.85486599
2023-10-11 00:00:00 UTC,3.3308019493396896,69940771.5392771,10598524.674242822
2023-10-12 00:00:00 UTC,3.321027631556748,69901138.92585675,11776925.5215167
2023-10-13 00:00:00 UTC,3.187955552137279,66924231.82502358,13017117.976172693
2023-10-14 00:00:00 UTC,3.211460282320687,67481513.47920954,10611396.762633698
2023-10-15 00:00:00 UTC,3.1911902044754292,66864348.794547506,8927768.54058737
2023-10-16 00:00:00 UTC,3.1422570466036173,65989215.04260851,8372458.946328431
2023-10-17 00:00:00 UTC,3.2389520743928166,68317246.68119289,11371934.778001511
2023-10-18 00:00:00 UTC,3.1584203357414014,66457060.928628765,17056981.330439154
2023-10-19 00:00:00 UTC,3.4946331185791477,73484716.64380711,8780933.327502852
2023-10-20 00:00:00 UTC,3.3971684559897217,71740188.89902876,5816484.117909305
2023-10-21 00:00:00 UTC,3.8767047377266772,81495957.66415112,18735712.613459505
2023-10-22 00:00:00 UTC,4.317624001945955,90612200.04550405,16335991.829977911
2023-10-23 00:00:00 UTC,4.162162809258952,86229372.63893683,13662533.279449712
2023-10-24 00:00:00 UTC,4.8166885815625315,94786136.76019698,31598562.23472297
2023-10-25 00:00:00 UTC,4.986847803244199,104666608.1247762,54848158.77607736
2023-10-26 00:00:00 UTC,5.654805730775773,118777290.34501548,41426264.64101902
2023-10-27 00:00:00 UTC,5.274923791806513,109849806.93308717,32477675.214596152
2023-10-28 00:00:00 UTC,5.290278242015152,111192037.5841174,16261146.25675317
2023-10-29 00:00:00 UTC,5.206423520643483,109365075.3731578,9136069.325138351
2023-10-30 00:00:00 UTC,5.252269546977018,110214810.27801523,7626110.3675178895
2023-10-31 00:00:00 UTC,5.154468909710675,108119488.6488773,15839790.023765134
2023-11-01 00:00:00 UTC,5.003238610075219,104996711.57492156,9444669.020361772
2023-11-02 00:00:00 UTC,5.530973670437439,115801114.5524518,28541773.680623803
2023-11-03 00:00:00 UTC,5.230526921499798,110120126.69530895,12663587.191009888
2023-11-04 00:00:00 UTC,6.279951183510347,132154023.4086775,24783663.219442647
2023-11-05 00:00:00 UTC,6.835706247511217,143976819.5911777,28617637.10574981
2023-11-06 00:00:00 UTC,7.311833693727228,153588314.0759949,38095090.85042876
2023-11-07 00:00:00 UTC,7.369706503306403,154475156.0464022,22767307.660846636
2023-11-08 00:00:00 UTC,13.656179792824314,285031578.5151406,500364506.8290811
2023-11-09 00:00:00 UTC,12.59764877595325,264569619.06493735,266200041.97987947
2023-11-10 00:00:00 UTC,19.386830193387176,407647385.273374,595330375.3799751
2023-11-11 00:00:00 UTC,19.85745630922028,419008190.86103314,538481114.5122294
2023-11-12 00:00:00 UTC,18.661903793450165,389665467.7006818,288794702.742162
2023-11-13 00:00:00 UTC,21.8075800904048,458224980.0518611,532615654.24816597
2023-11-14 00:00:00 UTC,20.000286753711336,421743307.40299296,329067633.35623765
2023-11-15 00:00:00 UTC,22.121655491859137,464212867.72999674,333230821.42529655
2023-11-16 00:00:00 UTC,24.748364908435896,520400927.78650135,266501059.36496902
2023-11-17 00:00:00 UTC,24.10757431566949,506244842.76546246,362091978.5669016
2023-11-18 00:00:00 UTC,25.362313715582115,532522179.5091089,265919611.0009018
2023-11-19 00:00:00 UTC,23.977309733509816,503422585.954138,209926976.5678768
2023-11-20 00:00:00 UTC,23.187896308147227,487472315.71368164,174264808.97606662
2023-11-21 00:00:00 UTC,21.555766418161888,452537962.9590813,153330728.1790313
2023-11-22 00:00:00 UTC,19.157082676165533,402601180.97111243,251199536.95352826
2023-11-23 00:00:00 UTC,22.2993990777878,469225624.80203843,164095596.10135022
2023-11-24 00:00:00 UTC,21.990393470844257,462485909.9239951,139552732.5176118
2023-11-25 00:00:00 UTC,20.945409828365193,440463077.3121556,129352172.74157323
2023-11-26 00:00:00 UTC,22.12483324397992,464105494.934294,40379070.51143583
2023-11-27 00:00:00 UTC,20.205924905541025,424042383.7610134,55171517.78677152
2023-11-28 00:00:00 UTC,19.5940360980807,410907116.97520214,152528611.4654
2023-11-29 00:00:00 UTC,20.22871376443684,424779626.8725467,112527067.97925402
2023-11-30 00:00:00 UTC,19.520180581398638,410013135.7573543,129655053.4943785
2023-12-01 00:00:00 UTC,20.63085964941966,434647632.5959255,74040542.9781713
2023-12-02 00:00:00 UTC,21.781783447671543,457649323.6596313,129564661.69129807
2023-12-03 00:00:00 UTC,32.42353854357001,681051502.5588361,487459608.42486197
2023-12-04 00:00:00 UTC,37.78325999100302,799447634.4180936,514603730.1143583
2023-12-05 00:00:00 UTC,51.65765939575151,1083712010.3951018,1132776813.1201482
2023-12-06 00:00:00 UTC,61.003926303298336,1280924769.1798055,996741699.4117773
2023-12-07 00:00:00 UTC,55.63476974462373,1197585160.0049703,2166096213.67451
2023-12-08 00:00:00 UTC,50.68769408947653,1067648084.8229604,1328574175.7874877
2023-12-09 00:00:00 UTC,51.01570735382614,1069890989.9223391,663709385.1401517
2023-12-10 00:00:00 UTC,51.03670446801537,1072210574.958848,528096392.2396643
2023-12-11 00:00:00 UTC,51.647244558461594,1084358386.3204284,299900002.94263005
2023-12-12 00:00:00 UTC,46.60034050067176,976252196.8760129,422847625.29420924
2023-12-13 00:00:00 UTC,51.692608543653094,1087119399.0260708,777807618.1838511
2023-12-14 00:00:00 UTC,50.77486461949391,1066285664.4858894,461564989.3355453
2023-12-15 00:00:00 UTC,64.75127904826896,1351508324.1680124,1153078729.272111
2023-12-16 00:00:00 UTC,51.15545010814934,1081852727.6049254,873985938.7180443
2023-12-17 00:00:00 UTC,52.05673737738303,1092467150.2720437,434520086.15169317
2023-12-18 00:00:00 UTC,48.96164954836112,1029041430.2145611,308184467.55950606
2023-12-19 00:00:00 UTC,50.73422963614284,1060490310.0342041,391258559.89887196
2023-12-20 00:00:00 UTC,49.31912953508973,1034799470.2571032,409739338.80790037
2023-12-21 00:00:00 UTC,53.57793911590139,1128280942.3817332,194186105.927019
2023-12-22 00:00:00 UTC,52.801860837041765,1105953886.2510605,456937786.7329408
2023-12-23 00:00:00 UTC,52.22602641445652,1098689540.5703642,231539936.00972608
2023-12-24 00:00:00 UTC,51.35080554190744,1078673844.231618,195508267.26491123
2023-12-25 00:00:00 UTC,52.45487202263034,1102089120.6795328,351025113.1651581
2023-12-26 00:00:00 UTC,75.1499559062894,1579203421.377463,1071861659.2569193
2023-12-27 00:00:00 UTC,68.08849023594858,1431177196.1080832,1041493965.5952922
2023-12-28 00:00:00 UTC,71.24540499258953,1499862602.1207206,586218675.7270873
2023-12-29 00:00:00 UTC,71.10758785981604,1496928001.985472,503753348.8920779
2023-12-30 00:00:00 UTC,76.01457090136223,1593065136.832866,812322316.7342575
2023-12-31 00:00:00 UTC,79.12822459263023,1659349933.0825016,619633483.4479159
2024-01-01 00:00:00 UTC,78.73639320480646,1657407399.1592495,478902870.1680888
2024-01-02 00:00:00 UTC,78.14234105099345,1637737047.5363271,361586666.43388796
2024-01-03 00:00:00 UTC,83.3126625321121,1743828596.7710717,828091317.2078499
2024-01-04 00:00:00 UTC,75.57223529925793,1587182163.349477,1029950491.1113259
2024-01-05 00:00:00 UTC,75.45518688482173,1584170322.7433248,481794805.22465926
2024-01-06 00:00:00 UTC,72.04934745298766,1510622920.9217331,443392913.9469039
2024-01-07 00:00:00 UTC,67.27836496966502,1413674978.6503325,333178554.4851864
2024-01-08 00:00:00 UTC,66.55251317967483,1393247348.6573215,304887990.5326879
2024-01-09 00:00:00 UTC,74.23138474992466,1556717963.4183714,725709874.2801592
2024-01-10 00:00:00 UTC,69.2835553434913,1451678981.4855087,459945928.7285293
2024-01-11 00:00:00 UTC,73.26130117631303,1548954667.4610014,525387256.6998656
2024-01-12 00:00:00 UTC,72.80146642662206,1526385662.652865,518586933.10959655
2024-01-13 00:00:00 UTC,68.45731526393318,1435728085.1091764,376212820.2799967
2024-01-14 00:00:00 UTC,76.14368225440383,1593665954.0333412,371407638.11868733
2024-01-15 00:00:00 UTC,70.78220386323771,1497244497.354573,279149455.6123338
2024-01-16 00:00:00 UTC,74.4642376942942,1564936438.6957016,271081504.5794386
2024-01-17 00:00:00 UTC,74.31813644713043,1560828402.2492743,254409378.9758633
2024-01-18 00:00:00 UTC,72.18741606300557,1516613372.2151213,169634316.77386028
2024-01-19 00:00:00 UTC,69.79648659373149,1466960394.7648044,230060113.686718
2024-01-20 00:00:00 UTC,67.84838525882694,1424804757.5624876,269264610.264487
2024-01-21 00:00:00 UTC,66.78139356938432,1403463113.4793813,116364745.19107938
2024-01-22 00:00:00 UTC,66.47424252282323,1397013600.6776733,88293589.12620221
2024-01-23 00:00:00 UTC,62.40401060763536,1310202894.1909516,257901829.37525254
2024-01-24 00:00:00 UTC,54.89451514246719,1147133568.5790298,435417705.96544796
2024-01-25 00:00:00 UTC,55.09045043385127,1158061951.6246738,232101295.15668592
2024-01-26 00:00:00 UTC,51.171011064345144,1074207787.6179512,237272500.57363716
2024-01-27 00:00:00 UTC,57.37366341373581,1205751190.53996,305488481.9584613
2024-01-28 00:00:00 UTC,56.81382317444575,1193197668.319735,192533007.1335981
2024-01-29 00:00:00 UTC,54.02904793371349,1134385141.2140796,193058019.79597348
2024-01-30 00:00:00 UTC,60.77596649143402,1278746026.5688505,242496675.98030415
2024-01-31 00:00:00 UTC,61.398772412352024,1288158133.1351469,249552472.56525305
2024-02-01 00:00:00 UTC,59.76256494817751,1256314378.0845325,238684038.31801674
2024-02-02 00:00:00 UTC,57.89670667181012,1215615017.6277394,340270830.0535247
2024-02-03 00:00:00 UTC,57.21033148597043,1201063335.9094825,148284650.87525302
2024-02-04 00:00:00 UTC,55.01236455165033,1154495490.1084304,100785719.09084608
2024-02-05 00:00:00 UTC,52.5624913313091,1101983179.3944426,137494779.43565407
2024-02-06 00:00:00 UTC,54.32998991848035,1142746897.840011,120919468.33181061
2024-02-07 00:00:00 UTC,54.25760246624683,1139884386.8890698,91434624.4777486
2024-02-08 00:00:00 UTC,58.229363405405216,1221730628.259669,126535499.51539919
2024-02-09 00:00:00 UTC,59.120227411298735,1242912576.697142,252422242.45070365
2024-02-10 00:00:00 UTC,62.12267298166742,1305529496.0361311,257716745.28734156
2024-02-11 00:00:00 UTC,61.61034299462857,1294191574.834343,127723854.66267332
2024-02-12 00:00:00 UTC,61.58729208789536,1292333094.5695922,113479897.04057682
2024-02-13 00:00:00 UTC,71.03052431663704,1491547906.0497327,353601213.5031071
2024-02-14 00:00:00 UTC,68.44143765083882,1436513487.0380363,262867068.00612357
2024-02-15 00:00:00 UTC,70.78577005326515,1487888773.3107102,198115448.24970448
2024-02-16 00:00:00 UTC,68.94546568753658,1448065145.3728676,194850512.17983574
2024-02-17 00:00:00 UTC,70.38658515423381,1479764472.6415627,120124752.41317596
2024-02-18 00:00:00 UTC,68.1764130034635,1433841723.198474,147939058.075795
2024-02-19 00:00:00 UTC,69.33430202284232,1456155211.8544073,104858389.67607422
2024-02-20 00:00:00 UTC,69.47885035025568,1458256206.6928077,199124650.9193011
2024-02-21 00:00:00 UTC,67.65344057173411,1422552963.0893762,205633261.9465813
2024-02-22 00:00:00 UTC,65.95418793926572,1385293619.6679711,152292847.30742133
2024-02-23 00:00:00 UTC,64.57157216884279,1356059075.6900496,132433967.94847523
2024-02-24 00:00:00 UTC,59.47158009005996,1249985361.3531497,197505463.59332836
2024-02-25 00:00:00 UTC,63.97956774556122,1343987407.8078182,219858035.95663354
2024-02-26 00:00:00 UTC,66.08443766636184,1387190813.2893329,178848748.43457425
2024-02-27 00:00:00 UTC,67.54528605020627,1418995145.5916452,187982225.50129715
2024-02-28 00:00:00 UTC,67.61930934438709,1419808693.8231928,256318956.88157135
2024-02-29 00:00:00 UTC,75.48482428175929,1583687374.103206,950849176.402484
2024-03-01 00:00:00 UTC,70.87205450873346,1490810501.1023614,463874471.8476298
2024-03-02 00:00:00 UTC,74.10225251613059,1555348351.9778898,229798681.77213845
2024-03-03 00:00:00 UTC,80.51061641590498,1690689356.4668152,599910355.9457446
2024-03-04 00:00:00 UTC,81.3549120510488,1693352235.4284675,450065973.041408
2024-03-05 00:00:00 UTC,87.12379622638913,1851751114.4230282,776433201.9373709
2024-03-06 00:00:00 UTC,76.16822507005567,1600877845.8061426,935592919.0247015
2024-03-07 00:00:00 UTC,75.51021038762974,1583282345.6269548,392522270.2449276
2024-03-08 00:00:00 UTC,77.28376769021938,1624959802.6391828,289692189.61635745
2024-03-09 00:00:00 UTC,77.01972500371286,1616950602.2805405,351034042.1557918
2024-03-10 00:00:00 UTC,76.4871748919031,1605183973.3925612,222811452.11698136
2024-03-11 00:00:00 UTC,75.33613776100987,1580941375.3700752,236580763.1194299
2024-03-12 00:00:00 UTC,76.39590499966104,1604782371.3481257,319005677.1469726
2024-03-13 00:00:00 UTC,82.7676303141831,1737537657.0980144,806192249.7456675
2024-03-14 00:00:00 UTC,80.55089165310461,1691083638.62188,388467058.3742468
2024-03-15 00:00:00 UTC,77.64151045459687,1630991474.3767395,364735138.4873284
2024-03-16 00:00:00 UTC,70.91524582777002,1492136362.916418,382467942.9444826
2024-03-17 00:00:00 UTC,64.05287726023505,1343966515.0914702,312374122.21398854
2024-03-18 00:00:00 UTC,66.04760832604023,1382300676.917606,244764132.10425714
2024-03-19 00:00:00 UTC,63.500899313882044,1332492564.8897831,364214502.5953782
2024-03-20 00:00:00 UTC,58.015007650462195,1224935228.8114007,399598197.65266585
2024-03-21 00:00:00 UTC,63.8030623609256,1340216174.1671922,309588356.02748847
2024-03-22 00:00:00 UTC,64.3569217778498,1351880588.6289167,255317783.06021994
2024-03-23 00:00:00 UTC,61.944665661392506,1293585826.7517877,191300422.6561004
2024-03-24 00:00:00 UTC,62.3132473072383,1314935550.1467319,130686956.53500013
2024-03-25 00:00:00 UTC,63.97503286353049,1344417115.5542755,117451849.6811989
2024-03-26 00:00:00 UTC,66.77885920561823,1400466851.6480713,254928377.71926296
2024-03-27 00:00:00 UTC,65.57911187774891,1373421982.852878,211379247.0376855
2024-03-28 00:00:00 UTC,62.150747312387686,1300170172.6591935,226658503.37960035
2024-03-29 00:00:00 UTC,63.60640884380814,1335520426.0039494,204166048.09032932
2024-03-30 00:00:00 UTC,64.01898138953206,1342407991.080751,336909462.6224238
2024-03-31 00:00:00 UTC,69.59450328512571,1461373052.5034425,397128073.39142954
2024-04-01 00:00:00 UTC,70.35504032989869,1476230368.169633,391572818.5465583
2024-04-02 00:00:00 UTC,63.93426633923607,1347447011.5366828,336555254.6239809
2024-04-03 00:00:00 UTC,58.02156125536493,1221239145.2024875,287457372.16700625
2024-04-04 00:00:00 UTC,57.759140794488964,1213682207.8849611,201998208.82919946
2024-04-05 00:00:00 UTC,63.53406848975871,1332259372.9172835,391979577.1469261
2024-04-06 00:00:00 UTC,60.528163743813394,1271229443.2414749,359325347.77027124
2024-04-07 00:00:00 UTC,71.38077590202757,1493455362.8781652,579244052.2264435
2024-04-08 00:00:00 UTC,75.50019488726826,1585426636.904349,441399208.5157305
2024-04-09 00:00:00 UTC,75.71053171484598,1594701475.6240225,404603240.42865443
2024-04-10 00:00:00 UTC,68.14597608309253,1428433107.5523903,342025175.69649017
2024-04-11 00:00:00 UTC,72.33994243887562,1519898484.306785,419359642.1486127
2024-04-12 00:00:00 UTC,70.88988489193913,1488922576.103599,419539149.8594598
2024-04-13 00:00:00 UTC,61.899254023116065,1299787787.5251088,434601297.4917472
2024-04-14 00:00:00 UTC,46.97381779794773,995530566.1026697,703960134.2983892
2024-04-15 00:00:00 UTC,48.12218347275017,1012109364.639916,515535531.0043336
2024-04-16 00:00:00 UTC,44.029977027688766,921498711.1598912,378848138.9694169
2024-04-17 00:00:00 UTC,42.998390039782294,903249608.6918659,299403013.13039494
2024-04-18 00:00:00 UTC,42.256493974605156,888178533.9802042,241649907.6938206
2024-04-19 00:00:00 UTC,43.31909697655704,910218178.3767356,199535365.4875285
2024-04-20 00:00:00 UTC,45.503357548292776,957164910.156907,198402367.93300164
2024-04-21 00:00:00 UTC,51.208925579451076,1074441125.0007243,258088771.68413457
2024-04-22 00:00:00 UTC,48.89862364016908,1027181266.9352657,174988016.3654447
2024-04-23 00:00:00 UTC,49.308694186120924,1036378241.0112461,164480210.02450633
2024-04-24 00:00:00 UTC,47.971915571302276,1007365502.8880781,129388358.56405587
2024-04-25 00:00:00 UTC,44.79563244801789,939631709.2488209,184617839.77375975
2024-04-26 00:00:00 UTC,43.19135444869741,907008448.1106089,145380912.68201327
2024-04-27 00:00:00 UTC,42.471095915202845,891488871.643999,85863487.17470892
2024-04-28 00:00:00 UTC,42.72759052708281,897287841.3337992,106852570.07584172
2024-04-29 00:00:00 UTC,41.98056398152513,880702204.810508,106468347.97398052
2024-04-30 00:00:00 UTC,42.41085059347978,890990508.6853626,108045186.34047888
2024-05-01 00:00:00 UTC,34.12553014793368,718860396.7336491,223572683.9718684
2024-05-02 00:00:00 UTC,34.59525855938201,729723181.0538055,227726019.3244055
2024-05-03 00:00:00 UTC,35.37428542487801,743128144.6062926,128873059.04369943
2024-05-04 00:00:00 UTC,41.3276784248819,867618466.9240236,239231754.32071432
2024-05-05 00:00:00 UTC,40.456665208677535,849512406.4450216,146146442.73940083
2024-05-06 00:00:00 UTC,40.1428243041199,843357450.023889,125513430.90880328
2024-05-07 00:00:00 UTC,38.70441972453463,812889480.5061549,188150930.84406146
2024-05-08 00:00:00 UTC,37.68509736827548,792108782.6103196,136570747.99836266
2024-05-09 00:00:00 UTC,37.47365714210827,786366911.8830378,84779572.28018032
2024-05-10 00:00:00 UTC,39.076156578118606,821586857.2932447,108526364.80750032
2024-05-11 00:00:00 UTC,35.93263642004661,754454260.2867608,121217496.540052
2024-05-12 00:00:00 UTC,36.18578571219673,760258795.8021153,77716388.13430169
2024-05-13 00:00:00 UTC,36.356958990374885,762915960.7020565,57843337.140008025
2024-05-14 00:00:00 UTC,36.81737528934815,773892919.7727716,152133808.73564637
2024-05-15 00:00:00 UTC,36.31785535933611,762536866.3494656,170085266.6573025
2024-05-16 00:00:00 UTC,38.97666509875411,820442680.4313236,171754949.99729094
2024-05-17 00:00:00 UTC,37.14558959580205,780563750.2058465,129550830.53328037
2024-05-18 00:00:00 UTC,41.43330908593132,867801739.7457865,223324328.46723467
2024-05-19 00:00:00 UTC,41.27571919868296,868408620.8102595,115093430.04997905
2024-05-20 00:00:00 UTC,40.06881552521383,838500582.5141596,131916096.58813001
2024-05-21 00:00:00 UTC,43.54401598775767,914717225.5991209,171290584.97452152
2024-05-22 00:00:00 UTC,43.92486592834894,922451364.6181327,180998012.41944632
2024-05-23 00:00:00 UTC,41.6154270470034,872861893.2313721,151077272.66228297
2024-05-24 00:00:00 UTC,37.85027542499766,795971611.5784805,209232033.46037886
2024-05-25 00:00:00 UTC,37.64197734146762,790993002.8374473,131260448.62646239
2024-05-26 00:00:00 UTC,38.36222573780455,804434603.2897799,60138825.474734545
2024-05-27 00:00:00 UTC,40.89962144392277,857559490.0634279,237981778.73962924
2024-05-28 00:00:00 UTC,41.70930473441722,876057310.9417044,182286006.8031501
2024-05-29 00:00:00 UTC,40.9799467651456,862157997.865043,160062733.98789358
2024-05-30 00:00:00 UTC,40.6982837803942,855692749.8410157,137350158.44609797
2024-05-31 00:00:00 UTC,49.039958893611555,1030541854.7372974,430476723.62489563
2024-06-01 00:00:00 UTC,47.1015281627306,989589112.7940216,380997512.8158245
2024-06-02 00:00:00 UTC,47.057887371553065,986699127.5731041,130028846.09570317
2024-06-03 00:00:00 UTC,45.0094085407399,945527554.2405871,192267284.11127883
2024-06-04 00:00:00 UTC,47.594465039533254,997178979.8981564,142167430.9796994
2024-06-05 00:00:00 UTC,55.997299501977395,1177239367.6118853,293928268.61460173
2024-06-06 00:00:00 UTC,57.51306327293645,1207642583.1457605,207187692.2027475
2024-06-07 00:00:00 UTC,57.754706625014194,1212255502.2016575,219983956.82599562
2024-06-08 00:00:00 UTC,58.3425117502345,1222972606.028371,552857596.5003825
2024-06-09 00:00:00 UTC,58.929465715705874,1237894055.3136797,315251676.97173995
2024-06-10 00:00:00 UTC,59.59010906364866,1250726174.323454,220787717.51438504
2024-06-11 00:00:00 UTC,56.8583677277818,1194549484.5872595,209058276.4087468
2024-06-12 00:00:00 UTC,52.46285262013147,1094825447.7589226,299720267.3166326
2024-06-13 00:00:00 UTC,52.2898258981077,1097892268.1449077,305063732.6827501
2024-06-14 00:00:00 UTC,46.96862628270332,988401910.9388322,215986182.03506956
2024-06-15 00:00:00 UTC,45.28567391361952,950780384.9622188,177439937.2836915
2024-06-16 00:00:00 UTC,45.14721844748043,947746779.1197281,90556340.03131421
2024-06-17 00:00:00 UTC,45.679755073451865,959346443.9090044,96179758.1704918
2024-06-18 00:00:00 UTC,41.672892623446394,872981992.7838639,211484875.52166235
2024-06-19 00:00:00 UTC,38.500465417610826,806484146.4534659,312140269.2043365
2024-06-20 00:00:00 UTC,38.17262374230866,800504946.621183,128081283.33071299
2024-06-21 00:00:00 UTC,39.9316358442465,841674187.865451,127580103.51701133
2024-06-22 00:00:00 UTC,41.562877268613775,872186107.1177053,173946336.19189778
2024-06-23 00:00:00 UTC,41.636539690736114,873820989.4335119,185105151.09784958
2024-06-24 00:00:00 UTC,39.29138846074063,826820916.9457438,126053822.42905222
2024-06-25 00:00:00 UTC,35.56398957742283,748597383.4767059,314881267.59861493
2024-06-26 00:00:00 UTC,36.961748071802646,775289605.9459624,193393078.56612003
2024-06-27 00:00:00 UTC,37.226020449366324,781469891.6219267,168484536.68035263
2024-06-28 00:00:00 UTC,39.76880245618827,835246939.328815,91923815.87692866
2024-06-29 00:00:00 UTC,37.83807143731166,794875354.8649868,124079280.83218516
2024-06-30 00:00:00 UTC,39.316273362316785,825372555.9927336,95123005.20471177
2024-07-01 00:00:00 UTC,39.36607881206858,825597730.2686743,96791245.62578368
2024-07-02 00:00:00 UTC,38.258021131025934,802504270.2796886,111348714.52492623
2024-07-03 00:00:00 UTC,38.32972177966858,805645495.9088302,90273960.22026359
2024-07-04 00:00:00 UTC,35.95622649383504,754463110.4853535,125859531.46702105
2024-07-05 00:00:00 UTC,30.521468809022817,641901765.5926676,165737234.16186106
2024-07-06 00:00:00 UTC,27.83908862889619,584331824.0112354,297998980.8417589
2024-07-07 00:00:00 UTC,30.429149056221448,637686041.6101424,139499600.00073034
2024-07-08 00:00:00 UTC,28.816647243877306,602232178.0896817,156955958.01796296
2024-07-09 00:00:00 UTC,29.529444459282587,620853905.1262496,167846270.95067063
2024-07-10 00:00:00 UTC,30.566007669354864,641774282.4753371,112804556.9929885
2024-07-11 00:00:00 UTC,32.226877002375375,676717991.899915,120161478.70934692
2024-07-12 00:00:00 UTC,30.003514580945915,629271809.7613941,109658992.14002682
2024-07-13 00:00:00 UTC,34.749492069365175,726190692.9953518,158905117.93251118
2024-07-14 00:00:00 UTC,32.83332015977962,688127082.8441175,111019280.16432314
2024-07-15 00:00:00 UTC,33.30744448539707,700867006.7364477,91164399.5801321
2024-07-16 00:00:00 UTC,38.035332998170745,799594987.4299273,176656310.18413916
2024-07-17 00:00:00 UTC,38.36174784912043,807637037.1703948,144922689.9427674
2024-07-18 00:00:00 UTC,36.96214186144181,776890657.8342886,145330776.525602
2024-07-19 00:00:00 UTC,37.02435030311503,777561383.9284463,132648349.57431276
2024-07-20 00:00:00 UTC,39.17468676866675,822668422.1420017,144984767.3151601
2024-07-21 00:00:00 UTC,41.411270794768704,871394351.6693144,191959012.00021836
2024-07-22 00:00:00 UTC,41.531113836107096,872250957.6838,131956726.71783203
2024-07-23 00:00:00 UTC,39.572064835830595,830634423.9184767,369449264.08962566
2024-07-24 00:00:00 UTC,36.832966685702715,773958183.8466814,152331067.38544145
2024-07-25 00:00:00 UTC,37.28119206846243,782921945.0472019,114720856.97232816
2024-07-26 00:00:00 UTC,35.373071180842174,742739198.9516006,187137354.64234433
2024-07-27 00:00:00 UTC,38.97732260182695,819704039.7680914,160594355.59494096
2024-07-28 00:00:00 UTC,38.86324383361338,817766741.3730215,140243424.69396883
2024-07-29 00:00:00 UTC,38.960987129850494,818300748.2854757,76760410.2190247
2024-07-30 00:00:00 UTC,37.409651448545866,786161019.5322421,127367347.43504031
2024-07-31 00:00:00 UTC,37.295272319897386,782776438.1054102,109572413.07979257
2024-08-01 00:00:00 UTC,35.78432435283243,751470811.409481,85676511.0343331
2024-08-02 00:00:00 UTC,33.47605261577753,702722533.7461777,193425077.12952203
2024-08-03 00:00:00 UTC,30.896960599860073,648836172.5970615,174438158.15088856
2024-08-04 00:00:00 UTC,28.236818580794097,592794758.704974,149855180.84370223
2024-08-05 00:00:00 UTC,27.4966984058891,577430666.5236712,158887842.63756964
2024-08-06 00:00:00 UTC,23.64481838384692,496541186.0607853,485630999.97013307
2024-08-07 00:00:00 UTC,26.638628453887755,558953144.8479319,228196065.04135686
2024-08-08 00:00:00 UTC,25.629011813017197,539035527.3295994,162294560.4839207
2024-08-09 00:00:00 UTC,29.302965937458133,614683326.4928333,188096067.20857716
2024-08-10 00:00:00 UTC,28.726888792141544,601859634.7084329,126757330.36293302
2024-08-11 00:00:00 UTC,29.276623799076276,614919735.0639626,87346686.71689767
2024-08-12 00:00:00 UTC,26.81555308794255,562463781.7873168,96253545.17768547
2024-08-13 00:00:00 UTC,30.99315939768994,650854463.1447586,240645189.18686733
2024-08-14 00:00:00 UTC,30.765176322109834,645702402.912824,166985450.62585893
2024-08-15 00:00:00 UTC,28.60638799881108,600446508.5121435,155164659.79399022
2024-08-16 00:00:00 UTC,28.192734849351837,592337327.8291153,150483958.56994763
2024-08-17 00:00:00 UTC,27.88456227653201,585805964.7729106,136151625.66120198
2024-08-18 00:00:00 UTC,28.124713168251873,590317001.6067007,65770960.31246147
2024-08-19 00:00:00 UTC,28.01239334176045,587954063.0708075,85004059.09769729
2024-08-20 00:00:00 UTC,29.548409257222122,620164533.782602,144536252.06013778
2024-08-21 00:00:00 UTC,29.269119405924155,615222182.1206857,109061254.91602306
2024-08-22 00:00:00 UTC,32.05564370671161,672163395.424915,131223779.99117967
2024-08-23 00:00:00 UTC,31.419090630201907,659800903.23424,95892559.89183575
2024-08-24 00:00:00 UTC,35.70180790470653,748070059.254122,192934675.17444184
2024-08-25 00:00:00 UTC,36.224838907082116,760721617.0487245,167726099.90779102
2024-08-26 00:00:00 UTC,35.371361775792145,743062417.7734175,119927512.6119595
2024-08-27 00:00:00 UTC,32.12073351415767,674535403.7973111,118105473.76175188
2024-08-28 00:00:00 UTC,29.572992739429868,622327255.5483892,159377002.40017506
2024-08-29 00:00:00 UTC,26.881974887624324,564521472.6401107,187198962.53853032
2024-08-30 00:00:00 UTC,27.31836238495534,573334761.4383365,118522355.9534887
2024-08-31 00:00:00 UTC,28.035708038188073,589564050.7331678,125426104.5641867
2024-09-01 00:00:00 UTC,27.59935987274759,579461186.0029144,59992988.14767272
2024-09-02 00:00:00 UTC,26.18110359225716,549803175.4374003,98608971.57798848
2024-09-03 00:00:00 UTC,31.346693831010494,657255827.5662737,241334680.41809753
2024-09-04 00:00:00 UTC,30.877542401894406,649380109.152272,224726996.78046042
2024-09-05 00:00:00 UTC,30.88505636501951,648566979.9715862,330066996.1183732
2024-09-06 00:00:00 UTC,28.889103185985913,607637142.3775376,165139372.09142882
2024-09-07 00:00:00 UTC,27.97881265413747,587849016.5791063,210514699.93516088
2024-09-08 00:00:00 UTC,28.497168406816332,597518481.6001395,126951075.00398402
2024-09-09 00:00:00 UTC,28.683698888765736,604466833.9284213,117402903.01887311
2024-09-10 00:00:00 UTC,29.947474671941347,629417819.5338352,193831651.23809943
2024-09-11 00:00:00 UTC,30.382891602252002,637043899.3632605,122827815.13660833
2024-09-12 00:00:00 UTC,29.541458130846465,620857293.0766668,129762830.76569237
2024-09-13 00:00:00 UTC,31.106725397672854,653140216.3587914,150843577.14415687
2024-09-14 00:00:00 UTC,33.13516502801358,695559295.8850503,158343366.47898078
2024-09-15 00:00:00 UTC,33.11711855004649,695459489.5509763,112499622.5062072
2024-09-16 00:00:00 UTC,30.961493940222898,650147327.6391505,110539245.69126108
2024-09-17 00:00:00 UTC,30.16212078084402,633404536.3977244,133922268.27193283
2024-09-18 00:00:00 UTC,30.48341074136774,640301690.6477196,136172369.67289013
2024-09-19 00:00:00 UTC,31.727058198024153,664399187.0189799,162272513.36876526
2024-09-20 00:00:00 UTC,34.239913301519,719076735.6981888,199966139.4719923
2024-09-21 00:00:00 UTC,34.135535982769106,716702697.2490773,165822923.50621283
2024-09-22 00:00:00 UTC,35.49938521749523,747125058.6459047,180346329.69361648
2024-09-23 00:00:00 UTC,33.39946596815903,701450593.6208801,138944460.52515066
2024-09-24 00:00:00 UTC,34.79531177009768,730701547.1720513,167710798.23237857
2024-09-25 00:00:00 UTC,35.97538414072178,755757821.4733046,138110209.9607309
2024-09-26 00:00:00 UTC,35.54207623206272,744698871.3023156,160681443.4652255
2024-09-27 00:00:00 UTC,39.150239221583924,822155023.6532624,213234570.57545298
2024-09-28 00:00:00 UTC,40.618045571823934,852172783.3965616,250803020.83324504
2024-09-29 00:00:00 UTC,40.13237331417805,842779839.5977391,103068026.96191177
2024-09-30 00:00:00 UTC,39.811289461688155,835580234.7463733,183653658.36907712
2024-10-01 00:00:00 UTC,37.43353476337418,784892822.2037692,240331276.7082883
2024-10-02 00:00:00 UTC,33.740532306984576,710566417.3926582,304318156.27035487
2024-10-03 00:00:00 UTC,32.18628988783791,676157285.0661073,233785937.16996798
2024-10-04 00:00:00 UTC,32.12782530606766,673842441.5208654,236874835.95791018
2024-10-05 00:00:00 UTC,33.677195982886744,706383846.9596238,158213016.5004138
2024-10-06 00:00:00 UTC,33.54766206342902,704571687.468958,122967238.98766941
2024-10-07 00:00:00 UTC,36.71940358584307,771637880.7970333,206865378.65152487
2024-10-08 00:00:00 UTC,35.53714192868176,746428061.705265,250037535.58388737
2024-10-09 00:00:00 UTC,34.811524191852264,731042008.0288974,187557576.623707
2024-10-10 00:00:00 UTC,32.74476012794845,688138076.8935208,198061013.18810758
2024-10-11 00:00:00 UTC,32.99645353841284,690327514.77335,191467449.1737999
2024-10-12 00:00:00 UTC,34.67146527855699,728203863.1670187,181359513.06088963
2024-10-13 00:00:00 UTC,35.10502446483198,737189645.8998618,155390390.9879817
2024-10-14 00:00:00 UTC,34.85546627636173,731575336.7890073,187243390.49841985
2024-10-15 00:00:00 UTC,39.25602007132461,824376421.4978168,318004978.5526061
2024-10-16 00:00:00 UTC,37.974700300415556,797241801.2793146,360574751.0563636
2024-10-17 00:00:00 UTC,36.372933139393005,764153443.4881139,239159889.92574102
2024-10-18 00:00:00 UTC,35.51112911976725,745366918.16052,181907978.72551
2024-10-19 00:00:00 UTC,37.43225921061361,786270158.0102147,184275208.0941982
2024-10-20 00:00:00 UTC,37.11844755829423,779511472.5174109,120849671.88047373
2024-10-21 00:00:00 UTC,37.8964024989981,795335121.7872984,180401885.60320458
2024-10-22 00:00:00 UTC,35.48220840447357,745180520.7359724,198196673.35520318
2024-10-23 00:00:00 UTC,34.95606210827799,734077304.2738378,148148446.0387275
2024-10-24 00:00:00 UTC,34.200336212990344,718068906.4755173,144423755.05665216
2024-10-25 00:00:00 UTC,34.3705813637789,721112889.662776,139592766.2955987
2024-10-26 00:00:00 UTC,30.778702519796152,644856151.1438199,186451335.9065487
2024-10-27 00:00:00 UTC,31.550901331210653,662418829.2052984,146389293.47599253
2024-10-28 00:00:00 UTC,33.24453274442359,698299619.7613791,112503176.64182797
2024-10-29 00:00:00 UTC,34.36593588296028,721615271.3577242,190379089.42269635
2024-10-30 00:00:00 UTC,36.30226876184307,762652280.7267432,213691890.9652821
2024-10-31 00:00:00 UTC,34.961300540252324,736150323.9835107,185573001.23528916
2024-11-01 00:00:00 UTC,33.58273353258194,704687687.7332567,157349064.32670367
2024-11-02 00:00:00 UTC,33.047119387244756,694133521.1738563,165052370.07421434
2024-11-03 00:00:00 UTC,32.90032725039968,690789202.5149497,105105372.89981405
2024-11-04 00:00:00 UTC,31.446902173987947,660442352.0423257,186097695.81688842
2024-11-05 00:00:00 UTC,30.146456064815396,633062007.6701665,145295759.87777513
2024-11-06 00:00:00 UTC,31.256668425835322,655878305.2245293,168436124.54061988
2024-11-07 00:00:00 UTC,35.8353700162621,751796275.514992,431176186.5905324
2024-11-08 00:00:00 UTC,35.69212348664224,749971571.479384,219633880.9964883
2024-11-09 00:00:00 UTC,35.44178626138521,744274635.3699381,285294455.4325707
2024-11-10 00:00:00 UTC,37.847279384167486,794473781.6207873,359256596.6221997
2024-11-11 00:00:00 UTC,39.649846755962535,832033114.2454755,759461931.7822108
2024-11-12 00:00:00 UTC,45.912668928998364,960576372.7251508,782039136.82649
2024-11-13 00:00:00 UTC,41.98778422577771,881253472.5828737,674329721.6203165
2024-11-14 00:00:00 UTC,40.9516265750028,860891929.8522553,675509376.2820163
2024-11-15 00:00:00 UTC,38.054960569803505,800124181.2555642,588047082.9641975
2024-11-16 00:00:00 UTC,38.70689956982406,812892966.4358032,327643977.00363916
2024-11-17 00:00:00 UTC,38.9774167586128,815656299.691955,255755225.65158597
2024-11-18 00:00:00 UTC,37.691971589279596,788837135.0929165,204857875.34835374
2024-11-19 00:00:00 UTC,38.598054318882504,808670947.8422024,410682575.60451406
2024-11-20 00:00:00 UTC,37.708017971239364,791630642.182531,237198699.39002177
2024-11-21 00:00:00 UTC,35.42729334359021,744162803.4057069,234037471.56386065
2024-11-22 00:00:00 UTC,37.81887014092802,794144698.6692595,326842278.2293015
2024-11-23 00:00:00 UTC,38.81447086355885,814757051.7882434,282267177.39870805
2024-11-24 00:00:00 UTC,40.612109570226956,851786839.2658447,454967153.4974257
2024-11-25 00:00:00 UTC,39.878041737120114,839306954.4580606,451615957.3706048
2024-11-26 00:00:00 UTC,39.49837202081996,831074522.4957796,460012161.4134894
2024-11-27 00:00:00 UTC,37.5862643334221,788784637.9873475,402553269.31255144
2024-11-28 00:00:00 UTC,40.37433406435187,847890070.6716365,285210267.49551964
2024-11-29 00:00:00 UTC,41.54956407615356,872765103.0988388,413172720.6180976
2024-11-30 00:00:00 UTC,41.12352911803728,864052653.8563069,309194176.61318445
2024-12-01 00:00:00 UTC,43.464635790661944,913560457.5259417,534978448.7682939
2024-12-02 00:00:00 UTC,41.11911686250469,863268732.961281,461498615.43849504
2024-12-03 00:00:00 UTC,40.26226918168841,845067747.117497,500288003.17390144
2024-12-04 00:00:00 UTC,47.687154126515566,1001594573.4370136,1546117238.454802
2024-12-05 00:00:00 UTC,46.58182853835078,977811723.6335574,807881779.3806183
2024-12-06 00:00:00 UTC,47.29990868048439,994238125.9761556,662072755.7874092
